{"stats":{"minecraft:used":{"securitycraft:stone_mine":4,"securitycraft:mine":2,"securitycraft:sentry":2,"securitycraft:camera_monitor":2,"securitycraft:redstone_module":1,"minecraft:tnt":2,"minecraft:netherite_pickaxe":3,"minecraft:stone":22,"securitycraft:briefcase":2,"minecraft:zombie_spawn_egg":4,"securitycraft:security_camera":2,"securitycraft:inventory_scanner":3},"minecraft:picked_up":{"securitycraft:sentry":2,"securitycraft:redstone_module":1,"securitycraft:security_camera":1,"securitycraft:stone_mine":3},"minecraft:mined":{"securitycraft:stone_mine":3},"minecraft:custom":{"minecraft:time_since_rest":10080,"minecraft:crouch_one_cm":350,"minecraft:play_time":10080,"minecraft:sprint_one_cm":24,"minecraft:walk_one_cm":16872,"minecraft:sneak_time":575,"minecraft:jump":18,"minecraft:leave_game":1,"minecraft:time_since_death":10080,"minecraft:total_world_time":10080,"minecraft:fly_one_cm":84544}},"DataVersion":3120}