{
  "securitycraft:recipes/securitycraft/stone_mine": {
    "criteria": {
      "has_mine": "2024-06-18 02:07:57 +0000"
    },
    "done": true
  },
  "securitycraft:recipes/securitycraft/emerald_mine": {
    "criteria": {
      "has_mine": "2024-06-18 02:07:57 +0000"
    },
    "done": true
  },
  "securitycraft:recipes/securitycraft/gilded_blackstone_mine": {
    "criteria": {
      "has_mine": "2024-06-18 02:07:57 +0000"
    },
    "done": true
  },
  "minecraft:recipes/building_blocks/stone_stairs_from_stone_stonecutting": {
    "criteria": {
      "has_stone": "2024-06-18 02:02:46 +0000"
    },
    "done": true
  },
  "securitycraft:recipes/securitycraft/smoker_mine": {
    "criteria": {
      "has_mine": "2024-06-18 02:07:57 +0000"
    },
    "done": true
  },
  "securitycraft:recipes/securitycraft/netherrack_mine": {
    "criteria": {
      "has_mine": "2024-06-18 02:07:57 +0000"
    },
    "done": true
  },
  "minecraft:recipes/building_blocks/stone_bricks": {
    "criteria": {
      "has_stone": "2024-06-18 02:02:46 +0000"
    },
    "done": true
  },
  "minecraft:recipes/building_blocks/stone_bricks_from_stone_stonecutting": {
    "criteria": {
      "has_stone": "2024-06-18 02:02:46 +0000"
    },
    "done": true
  },
  "securitycraft:recipes/securitycraft/cobblestone_mine": {
    "criteria": {
      "has_mine": "2024-06-18 02:07:57 +0000"
    },
    "done": true
  },
  "securitycraft:recipes/securitycraft/deepslate_coal_mine": {
    "criteria": {
      "has_mine": "2024-06-18 02:07:57 +0000"
    },
    "done": true
  },
  "minecraft:recipes/decorations/stonecutter": {
    "criteria": {
      "has_stone": "2024-06-18 02:02:46 +0000"
    },
    "done": true
  },
  "minecraft:adventure/adventuring_time": {
    "criteria": {
      "minecraft:taiga": "2024-06-18 02:02:28 +0000",
      "minecraft:stony_shore": "2024-06-18 02:02:30 +0000",
      "minecraft:forest": "2024-06-18 02:01:52 +0000"
    },
    "done": false
  },
  "securitycraft:recipes/securitycraft/nether_gold_mine": {
    "criteria": {
      "has_mine": "2024-06-18 02:07:57 +0000"
    },
    "done": true
  },
  "minecraft:recipes/building_blocks/smooth_stone": {
    "criteria": {
      "has_stone": "2024-06-18 02:02:46 +0000"
    },
    "done": true
  },
  "minecraft:recipes/decorations/chest": {
    "criteria": {
      "has_lots_of_items": "2024-06-18 02:07:57 +0000"
    },
    "done": true
  },
  "minecraft:recipes/building_blocks/stone_slab_from_stone_stonecutting": {
    "criteria": {
      "has_stone": "2024-06-18 02:02:46 +0000"
    },
    "done": true
  },
  "minecraft:recipes/building_blocks/chiseled_stone_bricks_stone_from_stonecutting": {
    "criteria": {
      "has_stone": "2024-06-18 02:02:46 +0000"
    },
    "done": true
  },
  "securitycraft:recipes/securitycraft/deepslate_redstone_mine": {
    "criteria": {
      "has_mine": "2024-06-18 02:07:57 +0000"
    },
    "done": true
  },
  "securitycraft:recipes/securitycraft/furnace_mine": {
    "criteria": {
      "has_mine": "2024-06-18 02:07:57 +0000"
    },
    "done": true
  },
  "securitycraft:recipes/securitycraft/quartz_mine": {
    "criteria": {
      "has_mine": "2024-06-18 02:07:57 +0000"
    },
    "done": true
  },
  "securitycraft:recipes/securitycraft/cobbled_deepslate_mine": {
    "criteria": {
      "has_mine": "2024-06-18 02:07:57 +0000"
    },
    "done": true
  },
  "securitycraft:recipes/securitycraft/wire_cutters": {
    "criteria": {
      "has_mine": "2024-06-18 02:07:57 +0000"
    },
    "done": true
  },
  "minecraft:recipes/building_blocks/stone_slab": {
    "criteria": {
      "has_stone": "2024-06-18 02:02:46 +0000"
    },
    "done": true
  },
  "securitycraft:recipes/securitycraft/gravel_mine": {
    "criteria": {
      "has_mine": "2024-06-18 02:07:57 +0000"
    },
    "done": true
  },
  "minecraft:recipes/redstone/stone_pressure_plate": {
    "criteria": {
      "has_stone": "2024-06-18 02:02:46 +0000"
    },
    "done": true
  },
  "minecraft:recipes/building_blocks/stone_brick_slab_from_stone_stonecutting": {
    "criteria": {
      "has_stone": "2024-06-18 02:02:46 +0000"
    },
    "done": true
  },
  "minecraft:recipes/decorations/stone_brick_walls_from_stone_stonecutting": {
    "criteria": {
      "has_stone": "2024-06-18 02:02:46 +0000"
    },
    "done": true
  },
  "minecraft:recipes/building_blocks/stone_brick_stairs_from_stone_stonecutting": {
    "criteria": {
      "has_stone": "2024-06-18 02:02:46 +0000"
    },
    "done": true
  },
  "securitycraft:recipes/securitycraft/dirt_mine": {
    "criteria": {
      "has_mine": "2024-06-18 02:07:57 +0000"
    },
    "done": true
  },
  "securitycraft:recipes/securitycraft/deepslate_diamond_mine": {
    "criteria": {
      "has_mine": "2024-06-18 02:07:57 +0000"
    },
    "done": true
  },
  "securitycraft:recipes/securitycraft/lapis_mine": {
    "criteria": {
      "has_mine": "2024-06-18 02:07:57 +0000"
    },
    "done": true
  },
  "securitycraft:recipes/securitycraft/deepslate_emerald_mine": {
    "criteria": {
      "has_mine": "2024-06-18 02:07:57 +0000"
    },
    "done": true
  },
  "securitycraft:recipes/securitycraft/deepslate_mine": {
    "criteria": {
      "has_mine": "2024-06-18 02:07:57 +0000"
    },
    "done": true
  },
  "securitycraft:recipes/securitycraft/remote_access_sentry": {
    "criteria": {
      "has_sentry": "2024-06-18 02:09:20 +0000"
    },
    "done": true
  },
  "securitycraft:recipes/securitycraft/iron_mine": {
    "criteria": {
      "has_mine": "2024-06-18 02:07:57 +0000"
    },
    "done": true
  },
  "minecraft:recipes/building_blocks/stone_stairs": {
    "criteria": {
      "has_stone": "2024-06-18 02:02:46 +0000"
    },
    "done": true
  },
  "securitycraft:recipes/securitycraft/sand_mine": {
    "criteria": {
      "has_mine": "2024-06-18 02:07:57 +0000"
    },
    "done": true
  },
  "securitycraft:recipes/securitycraft/blast_furnace_mine": {
    "criteria": {
      "has_mine": "2024-06-18 02:07:57 +0000"
    },
    "done": true
  },
  "securitycraft:recipes/securitycraft/deepslate_lapis_mine": {
    "criteria": {
      "has_mine": "2024-06-18 02:07:57 +0000"
    },
    "done": true
  },
  "securitycraft:recipes/securitycraft/gold_mine": {
    "criteria": {
      "has_mine": "2024-06-18 02:07:57 +0000"
    },
    "done": true
  },
  "securitycraft:recipes/securitycraft/laser_block": {
    "criteria": {
      "has_stone": "2024-06-18 02:02:46 +0000"
    },
    "done": true
  },
  "securitycraft:recipes/securitycraft/ancient_debris_mine": {
    "criteria": {
      "has_mine": "2024-06-18 02:07:57 +0000"
    },
    "done": true
  },
  "securitycraft:recipes/securitycraft/coal_mine": {
    "criteria": {
      "has_mine": "2024-06-18 02:07:57 +0000"
    },
    "done": true
  },
  "securitycraft:recipes/securitycraft/remote_access_mine": {
    "criteria": {
      "has_mine": "2024-06-18 02:07:57 +0000"
    },
    "done": true
  },
  "securitycraft:recipes/securitycraft/copper_mine": {
    "criteria": {
      "has_mine": "2024-06-18 02:07:57 +0000"
    },
    "done": true
  },
  "minecraft:recipes/redstone/stone_button": {
    "criteria": {
      "has_stone": "2024-06-18 02:02:46 +0000"
    },
    "done": true
  },
  "securitycraft:recipes/securitycraft/deepslate_gold_mine": {
    "criteria": {
      "has_mine": "2024-06-18 02:07:57 +0000"
    },
    "done": true
  },
  "securitycraft:recipes/securitycraft/redstone_mine": {
    "criteria": {
      "has_mine": "2024-06-18 02:07:57 +0000"
    },
    "done": true
  },
  "securitycraft:recipes/securitycraft/diamond_mine": {
    "criteria": {
      "has_mine": "2024-06-18 02:07:57 +0000"
    },
    "done": true
  },
  "securitycraft:recipes/securitycraft/deepslate_iron_mine": {
    "criteria": {
      "has_mine": "2024-06-18 02:07:57 +0000"
    },
    "done": true
  },
  "securitycraft:recipes/securitycraft/deepslate_copper_mine": {
    "criteria": {
      "has_mine": "2024-06-18 02:07:57 +0000"
    },
    "done": true
  },
  "securitycraft:recipes/securitycraft/end_stone_mine": {
    "criteria": {
      "has_mine": "2024-06-18 02:07:57 +0000"
    },
    "done": true
  },
  "DataVersion": 3120
}